<?xml version="1.0" encoding="UTF-8"?>
<beans xmlns="http://www.springframework.org/schema/beans"
	xmlns:xsi="http://www.w3.org/2001/XMLSchema-instance"
	xmlns:context="http://www.springframework.org/schema/context"
	xmlns:jdbc="http://www.springframework.org/schema/jdbc"
	xmlns:tx="http://www.springframework.org/schema/tx"
	xmlns:jpa="http://www.springframework.org/schema/data/jpa"
	xsi:schemaLocation="http://www.springframework.org/schema/jdbc http://www.springframework.org/schema/jdbc/spring-jdbc-4.0.xsd
		http://www.springframework.org/schema/beans http://www.springframework.org/schema/beans/spring-beans.xsd
		http://www.springframework.org/schema/context http://www.springframework.org/schema/context/spring-context-4.0.xsd
		http://www.springframework.org/schema/data/jpa http://www.springframework.org/schema/data/jpa/spring-jpa-1.3.xsd
		http://www.springframework.org/schema/tx http://www.springframework.org/schema/tx/spring-tx-4.0.xsd">
<context:component-scan base-package="cz.jiripinkas.jba">
<context:exclude-filter type="annotation" expression="org.springframework.stereotype.Controller"/>
</context:component-scan>

<jdbc:embedded-database type="HSQL" id="dataSource"></jdbc:embedded-database>

<bean class="org.springframework.orm.jpa.LocalContainerEntityManagerFactoryBean" id="emf">
<property name="packagesToScan" value="cz.jiripinkas.jba.entity"></property>
<property name="dataSource" ref="dataSource"></property>
<property name="jpaProperties">
<props>
<prop key="hibernate.show_sql">true</prop>
<prop key="hibernate.hbm2ddl.auto">create</prop>
</props>
</property>
<property name="persistenceProvider">
<bean class="org.hibernate.jpa.HibernatePersistenceProvider"></bean>
</property>
</bean>

<tx:annotation-driven transaction-manager="transactionManager"/>
<bean id="transactionManager" class="org.springframework.orm.jpa.JpaTransactionManager">
<property name="dataSource" ref="dataSource"></property>

</bean>
<jpa:repositories base-package="cz.jiripinkas.jba.repository" entity-manager-factory-ref="emf" transaction-manager-ref="transactionManager"></jpa:repositories>
<import resource="security.xml"/>

</beans>
