<?xml version="1.0" encoding="UTF-8"?>
 <!DOCTYPE tiles-definitions PUBLIC
   "-//Apache Software Foundation//DTD Tiles Configuration 3.0//EN"
   "http://tiles.apache.org/dtds/tiles-config_3_0.dtd">
<tiles-definitions>

	<definition name="common" template="/WEB-INF/Layout/classic.jsp">

		<put-attribute name="footer" value="/WEB-INF/Layout/footer.jsp" />

	</definition>
	<definition name="index" extends="common">
		<put-attribute name="title" value="Java-Blog-Aggregator" />
		<put-attribute name="body" value="/WEB-INF/jsp/index.jsp" />
		<put-attribute name="current" value="index"></put-attribute>
	</definition>

	<definition name="users" extends="common">
		<put-attribute name="title" value="Users" />
		<put-attribute name="body" value="/WEB-INF/jsp/users.jsp" />
		<put-attribute name="current" value="users"></put-attribute>
	</definition>
	<definition name="user-detail" extends="common">
		<put-attribute name="title" value="User detail" />
		<put-attribute name="body" value="/WEB-INF/jsp/user-detail.jsp" />
		<put-attribute name="current" value="users"></put-attribute>
	</definition>
	<definition name="user-register" extends="common">
		<put-attribute name="title" value="User Registration" />
		<put-attribute name="body" value="/WEB-INF/jsp/user-register.jsp" />
		<put-attribute name="current" value="register"></put-attribute>
	</definition>
	<definition name="login" extends="common">
		<put-attribute name="title" value="User login" />
		<put-attribute name="body" value="/WEB-INF/jsp/login.jsp" />
		<put-attribute name="current" value="login"></put-attribute>
	</definition>
	<definition name="account" extends="common">
		<put-attribute name="title" value="User account" />
		<put-attribute name="body" value="/WEB-INF/jsp/user-account.jsp" />
		<put-attribute name="current" value="account"></put-attribute>
	</definition>
</tiles-definitions>